id,light,noise,temp,hum,duration,drunk,tired,review_sleep
172,925.6387665198237885,0E-24,23.788105716173895,47.59251101321586,8:00:00,False,False,
